studentNumber,class,SESSION_CD,grade
1009340394,BIOA01H3,20229,88
1009340394,CHMA10H3,20229,75
1009340394,HLTA02H3,20229,84
1009340394,LINA01H3,20229,73
1009340394,PSYA01H3,20229,84
1008085741,CSCB07H3,20229,70
1008085741,CSCB36H3,20229,60
1008085741,GGRA30H3,20229,91
1008085741,PSYA01H3,20229,78
1008085741,STAB52H3,20229,74
1008160963,BIOB10H3,20229,98
1008160963,BIOB33H3,20229,90
1008160963,BIOB50H3,20229,87
1008160963,BIOB90H3,20229,CR
1008160963,CHMB41H3,20229,90
1008160963,PSYA01H3,20229,92
1008996357,ANTA01H3,20229,73
1008996357,COPB50H3,20229,CR
1008996357,GASB57H3,20229,80
1008996357,PSYA01H3,20229,72
1009189227,BIOA01H3,20229,80
1009189227,CHMA10H3,20229,76
1009189227,LINA01H3,20229,56
1009189227,PSYA01H3,20229,67
1006545972,MGMB01H3,20229,70
1006545972,MGSB22H3,20229,73
1006545972,PHLB81H3,20229,71
1009079961,BIOA01H3,20229,81
1009079961,CHMA10H3,20229,81
1009079961,HISB63H3,20229,81
1009079961,MATA29H3,20229,90
1009079961,PSYA01H3,20229,79
1009295870,BIOA01H3,20229,74
1009295870,CHMA10H3,20229,70
1009295870,PHLB09H3,20229,68
1009295870,PSYA01H3,20229,66
1009450844,BIOA01H3,20229,65
1009450844,CHMA10H3,20229,79
1009450844,MATA29H3,20229,52
1008006943,ANTA01H3,20229,75
1008006943,EESA01H3,20229,78
1008006943,PHLA11H3,20229,79
1008006943,PSYA01H3,20229,77
1009326971,BIOA01H3,20229,70
1009326971,CHMA10H3,20229,72
1009326971,EESA09H3,20229,63
1009326971,MATA29H3,20229,72
1009326971,PSYA01H3,20229,70
1008622073,IDSA01H3,20229,78
1008622073,PHLA11H3,20229,80
1008622073,POLA01H3,20229,78
1008622073,PSYA01H3,20229,86
1009010776,BIOA01H3,20229,77
1009010776,EESA01H3,20229,65
1009010776,HLTA02H3,20229,81
1009010776,PSYA01H3,20229,82
1009103701,BIOA01H3,20229,81
1009103701,CHMA10H3,20229,86
1009103701,MATA29H3,20229,82
1009103701,MGTA01H3,20229,80
1009103701,PSYA01H3,20229,84
1009036614,BIOA01H3,20229,80
1009036614,CHMA10H3,20229,74
1009036614,HLTA02H3,20229,84
1009036614,LINA01H3,20229,83
1009036614,PSYA01H3,20229,83
1009113576,BIOA01H3,20229,81
1009113576,CHMA10H3,20229,81
1009113576,HLTA02H3,20229,80
1009113576,MATA30H3,20229,57
1009113576,PSYA01H3,20229,82
1009427522,ENGA10H3,20229,82
1009427522,HISB57H3,20229,91
1009427522,MDSA01H3,20229,91
1009427522,PSYA01H3,20229,89
1009427522,WSTA01H3,20229,88
1009158091,BIOA01H3,20229,65
1009158091,CHMA10H3,20229,64
1009158091,ENGA10H3,20229,73
1009158091,PSYA01H3,20229,60
1007285554,PSYC39H3,20229,73
1007285554,VPHA46H3,20229,79
1007285554,VPSB74H3,20229,77
1009573169,CLAA04H3,20229,81
1009573169,COPB50H3,20229,CR
1009573169,CTLA01H3,20229,86
1009573169,POLA01H3,20229,85
1009573169,PSYA01H3,20229,83
1009573169,RLGA01H3,20229,73
1006454052,POLC32H3,20229,84
1006454052,POLC38H3,20229,81
1006454052,PSYA01H3,20229,56
1006454052,SOCB22H3,20229,77
1006454052,SOCC03H3,20229,71
1006454052,SOCC37H3,20229,66
1009302675,BIOA01H3,20229,90
1009302675,HLTA02H3,20229,90
1009302675,LINA01H3,20229,93
1009302675,PSYA01H3,20229,85
1009329102,BIOA01H3,20229,87
1009329102,CHMA10H3,20229,77
1009329102,ENGA10H3,20229,86
1009329102,PSYA01H3,20229,90
1009329102,STAB22H3,20229,80
1008738092,ENGA10H3,20229,77
1008738092,PHLA11H3,20229,73
1008738092,PSYA01H3,20229,51
1009576371,BIOA01H3,20229,81
1009576371,CHMA10H3,20229,82
1009576371,MATA30H3,20229,87
1009576371,PHLB09H3,20229,72
1009576371,PSYA01H3,20229,75
1009642200,ANTA02H3,20229,67
1009642200,FREA96H3,20229,78
1009642200,MGEA01H3,20229,53
1009642200,POLA01H3,20229,78
1009642200,PSYA01H3,20229,60
1007419312,BIOB10H3,20229,98
1007419312,BIOB33H3,20229,90
1007419312,BIOB34H3,20229,88
1007419312,BIOB50H3,20229,89
1007419312,PSYA01H3,20229,87
1009159189,BIOA01H3,20229,94
1009159189,CHMA10H3,20229,94
1009159189,COPB50H3,20229,CR
1009159189,MATA29H3,20229,98
1009159189,PHYA11H3,20229,96
1009159189,PSYA01H3,20229,95
1009362280,BIOA01H3,20229,67
1009362280,CHMA10H3,20229,67
1009362280,PSYA01H3,20229,71
1008896964,BIOA11H3,20229,93
1008896964,COPB50H3,20229,CR
1008896964,CSCA08H3,20229,90
1008896964,LINA01H3,20229,94
1008896964,MATA31H3,20229,70
1008896964,PSYA01H3,20229,94
1009384603,BIOA01H3,20229,55
1009384603,HLTA02H3,20229,73
1009384603,PSYA01H3,20229,68
1009384603,STAB22H3,20229,56
1009546537,ANTA01H3,20229,56
1009546537,PHLB81H3,20229,63
1008317536,BIOB10H3,20229,89
1008317536,COPB50H3,20229,CR
1008317536,NROB60H3,20229,90
1008317536,PSYB07H3,20229,94
1008317536,PSYB55H3,20229,77
1008317536,PSYB70H3,20229,85
1008949676,ANTA01H3,20229,86
1008949676,COPB50H3,20229,CR
1008949676,PSYA01H3,20229,81
1008949676,WSTA01H3,20229,84
1009578672,BIOA01H3,20229,74
1009578672,CHMA10H3,20229,79
1009578672,COPB50H3,20229,CR
1009578672,MATA30H3,20229,70
1009578672,PHLB09H3,20229,68
1009578672,PSYA01H3,20229,66
1009035884,BIOA11H3,20229,73
1009035884,CLAA04H3,20229,80
1009035884,HLTA02H3,20229,79
1009035884,LINA01H3,20229,71
1009035884,PSYA01H3,20229,73
1008466553,BIOA11H3,20229,63
1008466553,CHMA10H3,20229,66
1008466553,MATA29H3,20229,62
1008466553,PSYA01H3,20229,75
1008801799,CSCA08H3,20229,80
1008801799,CSCA67H3,20229,70
1008801799,GGRA30H3,20229,83
1008801799,MATA31H3,20229,65
1008801799,PSYA01H3,20229,75
1008888125,HLTA02H3,20229,78
1008888125,IDSA01H3,20229,80
1008888125,PSYA01H3,20229,81
1006787327,COPC07H3,20229,CR
1006787327,PSYA01H3,20229,81
1006884409,CLAA05H3,20229,83
1006884409,COPC98H3,20229,CR
1006884409,CSCC01H3,20229,95
1006884409,CSCC10H3,20229,87
1006884409,CSCC37H3,20229,87
1006884409,CSCC43H3,20229,81
1006884409,PSYA01H3,20229,73
1007157719,PSYA01H3,20229,76
1009368435,BIOA01H3,20229,94
1009368435,CHMA10H3,20229,93
1009368435,LINA01H3,20229,97
1009368435,MATA29H3,20229,90
1009368435,PSYA01H3,20229,95
1009540221,BIOA01H3,20229,85
1009540221,CHMA10H3,20229,73
1009540221,MATA29H3,20229,81
1009540221,PHYA11H3,20229,66
1009540221,PSYA01H3,20229,96
1009000091,BIOA01H3,20229,86
1009000091,CHMA10H3,20229,86
1009000091,CLAA05H3,20229,78
1009000091,FSTA01H3,20229,85
1009000091,PSYA01H3,20229,85
1006078904,CSCC37H3,20229,67
1006078904,CSCC43H3,20229,74
1006078904,CSCC46H3,20229,67
1006078904,PSYA01H3,20229,75
1007853155,ANTA01H3,20229,84
1007853155,EESA01H3,20229,84
1007853155,PHLA11H3,20229,85
1007853155,PSYA01H3,20229,80
1007008523,CSCC10H3,20229,87
1007008523,CSCC37H3,20229,74
1007008523,MATB24H3,20229,75
1007008523,PSYA01H3,20229,86
1008849882,CSCA20H3,20229,62
1008849882,ENGB30H3,20229,67
1008849882,PSYA01H3,20229,65
1009271164,BIOA01H3,20229,78
1009271164,CHMA10H3,20229,71
1009271164,CLAA05H3,20229,73
1009271164,ENGA10H3,20229,82
1009271164,PSYA01H3,20229,78
1009012113,BIOA01H3,20229,57
1009012113,PSYA01H3,20229,67
1009152747,COPB50H3,20229,CR
1009152747,HLTA02H3,20229,87
1009152747,LINA01H3,20229,95
1009152747,PSYA01H3,20229,93
1009152747,VPSA62H3,20229,83
1009152747,VPSA63H3,20229,97
1009284588,ANTA01H3,20229,60
1009284588,BIOA01H3,20229,57
1009284588,CHMA10H3,20229,61
1009284588,ENGA10H3,20229,75
1009284588,PSYA01H3,20229,61
1009264314,BIOA01H3,20229,74
1009264314,PSYA01H3,20229,86
1009264314,STAB22H3,20229,76
1009300604,ENGA01H3,20229,94
1009300604,LINA01H3,20229,85
1009300604,PHLA11H3,20229,80
1009300604,POLA01H3,20229,85
1009300604,PSYA01H3,20229,87
1009150972,BIOA01H3,20229,85
1009150972,CHMA10H3,20229,77
1009150972,MATA29H3,20229,91
1009150972,PHYA11H3,20229,84
1009150972,PSYA01H3,20229,87
1008295168,EESA01H3,20229,60
1008295168,PSYA01H3,20229,61
1005116731,CSCC63H3,20229,61
1005116731,CSCC85H3,20229,85
1005116731,CSCD18H3,20229,74
1005116731,CSCD58H3,20229,76
1005116731,MGEA02H3,20229,57
1005116731,PSYA01H3,20229,70
1009388734,BIOA01H3,20229,66
1009388734,CHMA10H3,20229,70
1009388734,CSCA20H3,20229,85
1009388734,MATA29H3,20229,78
1009388734,PSYA01H3,20229,63
998435279,PSYC85H3,20229,57
1009556302,BIOA11H3,20229,77
1009556302,PHLA11H3,20229,79
1009556302,PSYA01H3,20229,76
1008359919,GGRA30H3,20229,71
1008359919,GGRB05H3,20229,69
1008359919,PSYA01H3,20229,73
1008359919,WSTB05H3,20229,78
1008359919,WSTB06H3,20229,76
1009427014,BIOA01H3,20229,76
1009427014,CHMA10H3,20229,70
1009427014,HLTA02H3,20229,80
1009427014,PHLA11H3,20229,78
1009427014,PSYA01H3,20229,76
1009194694,BIOA01H3,20229,73
1009194694,CHMA10H3,20229,74
1009194694,HLTA02H3,20229,74
1009194694,PSYA01H3,20229,75
1008834585,LINA01H3,20229,89
1008834585,MGEA01H3,20229,85
1008834585,MGTA01H3,20229,75
1008834585,PSYA01H3,20229,79
1008834585,STAB22H3,20229,98
1009250221,BIOA01H3,20229,80
1009250221,CHMA10H3,20229,74
1009250221,CLAA05H3,20229,82
1009250221,MATA29H3,20229,83
1009250221,PSYA01H3,20229,82
1009631329,ANTA01H3,20229,70
1009631329,HISA04H3,20229,72
1009631329,LINA01H3,20229,68
1009631329,MGTA01H3,20229,70
1009631329,PSYA01H3,20229,73
1008901119,BIOB10H3,20229,93
1008901119,COPB50H3,20229,CR
1008901119,CSCA20H3,20229,100
1008901119,POLB72H3,20229,81
1008901119,PSYA01H3,20229,92
1009014031,ENGA01H3,20229,84
1009014031,ENGA02H3,20229,81
1009014031,ENGB70H3,20229,85
1009014031,PSYA01H3,20229,86
1009577995,BIOA01H3,20229,88
1009577995,LINA01H3,20229,94
1009577995,PSYA01H3,20229,92
1009577995,WSTA01H3,20229,91
1005182071,POLD91H3,20229,74
1005182071,PSYA01H3,20229,61
1005182071,WSTB25H3,20229,71
1006433673,MUZC67H3,20229,93
1006433673,PSYA01H3,20229,53
1006433673,STAC62H3,20229,60
1006433673,STAD37H3,20229,50
1009412618,BIOA01H3,20229,80
1009412618,CHMA10H3,20229,79
1009412618,PSYA01H3,20229,79
1009412618,STAB22H3,20229,80
1008785655,CSCA20H3,20229,90
1008785655,HLTA02H3,20229,70
1008785655,PSYA01H3,20229,71
1008504717,CSCA20H3,20229,50
1008504717,HISA04H3,20229,67
1008504717,PSYA01H3,20229,59
1008268385,MUZA67H3,20229,91
1008268385,MUZB21H3,20229,86
1008268385,VPAB16H3,20229,81
1009620313,BIOA01H3,20229,50
1009620313,CHMA10H3,20229,53
1009620313,ENGA01H3,20229,62
1009620313,PSYA01H3,20229,61
1009620313,VPSA62H3,20229,67
997551457,PSYA01H3,20229,86
997551457,PSYB55H3,20229,70
997551457,PSYC30H3,20229,80
1009025742,BIOA01H3,20229,78
1009025742,CHMA10H3,20229,57
1009025742,MATA29H3,20229,57
1009025742,PSYA01H3,20229,83
1009025742,STAB23H3,20229,75
1009082699,ANTA02H3,20229,73
1009082699,BIOA01H3,20229,74
1009082699,CHMA10H3,20229,74
1009082699,MATA29H3,20229,75
1009082699,PSYA01H3,20229,64
1007986716,ANTB19H3,20229,82
1007986716,ANTB66H3,20229,78
1007986716,PSYA01H3,20229,73
1007986716,SOCB05H3,20229,80
1007986716,SOCB42H3,20229,83
1009404823,ANTA01H3,20229,76
1009404823,BIOA01H3,20229,75
1009404823,CHMA10H3,20229,70
1009404823,PSYA01H3,20229,78
1009404823,STAB22H3,20229,73
1007985165,CHMB41H3,20229,91
1007985165,COPB51H3,20229,CR
1007985165,PHLB09H3,20229,90
1007985165,PSYA01H3,20229,89
1007985165,STAB22H3,20229,98
1009354752,IDSA01H3,20229,87
1009354752,PHLA11H3,20229,83
1009354752,POLA01H3,20229,81
1009354752,PSYA01H3,20229,73
1007728309,EESA01H3,20229,82
1007728309,LINA01H3,20229,82
1007728309,MATB41H3,20229,80
1007728309,PSYA01H3,20229,76
1007728309,STAB52H3,20229,64
1008994386,BIOA01H3,20229,85
1008994386,CHMA10H3,20229,84
1008994386,MUZA80H3,20229,86
1008994386,PSYA01H3,20229,77
1009299536,BIOA11H3,20229,67
1009299536,PHLA11H3,20229,82
1009299536,PSYA01H3,20229,62
1008949738,BIOA01H3,20229,73
1008949738,LINA01H3,20229,72
1008949738,POLA01H3,20229,82
1008949738,PSYA01H3,20229,71
1008949738,THRA10H3,20229,91
1009137569,BIOA01H3,20229,67
1009137569,CHMA10H3,20229,57
1009137569,MATA29H3,20229,60
1009137569,PSYA01H3,20229,71
1007099202,PSYB07H3,20229,51
1007099202,PSYB55H3,20229,54
1009674354,BIOA01H3,20229,70
1009674354,CHMA10H3,20229,64
1009674354,MATA29H3,20229,60
1009674354,PSYA01H3,20229,66
1008959423,FREC01H3,20229,77
1008959423,MDSA01H3,20229,74
1008959423,PSYA01H3,20229,57
1008791247,BIOA01H3,20229,87
1008791247,CHMA10H3,20229,86
1008791247,CITA01H3,20229,78
1008791247,MATA29H3,20229,82
1008791247,PSYA01H3,20229,86
1009298387,ANTA02H3,20229,94
1009298387,BIOA01H3,20229,85
1009298387,LINA01H3,20229,90
1009298387,MATA29H3,20229,85
1009298387,PSYA01H3,20229,93
1008915373,BIOA01H3,20229,63
1008915373,CHMA10H3,20229,60
1008915373,HLTA02H3,20229,68
1008915373,PSYA01H3,20229,61
1008915373,STAB22H3,20229,65
1009724602,BIOA01H3,20229,60
1009724602,CHMA10H3,20229,65
1009724602,PSYA01H3,20229,64
1009724602,RLGA01H3,20229,56
1008270531,CLAA04H3,20229,58
1008270531,ENGA10H3,20229,85
1008270531,FSTA01H3,20229,85
1008270531,MUZA65H3,20229,95
1008270531,PHLA11H3,20229,79
1008270531,PSYA01H3,20229,70
1007264283,CITA01H3,20229,74
1007264283,CITB04H3,20229,78
1007264283,CITC14H3,20229,81
1007264283,HLTB16H3,20229,68
1007264283,STAB23H3,20229,75
1009007227,BIOA01H3,20229,86
1009007227,CHMA10H3,20229,84
1009007227,MATA29H3,20229,86
1009007227,PHYA11H3,20229,79
1009007227,PSYA01H3,20229,90
1009294924,BIOA01H3,20229,72
1009294924,CHMA10H3,20229,72
1009294924,HLTA02H3,20229,78
1009294924,PHLB09H3,20229,80
1009294924,PSYA01H3,20229,82
1008900851,BIOA01H3,20229,68
1008900851,CHMA10H3,20229,69
1008900851,MATA29H3,20229,73
1008900851,PSYA01H3,20229,76
1008344329,BIOA11H3,20229,74
1008344329,HLTA02H3,20229,77
1008344329,IDSA01H3,20229,77
1008344329,PSYA01H3,20229,66
1008957265,BIOA01H3,20229,86
1008957265,ENGA10H3,20229,85
1008957265,HLTA02H3,20229,75
1008957265,PSYA01H3,20229,85
1006494125,ANTC47H3,20229,85
1006494125,PHLC05H3,20229,74
1006494125,PSYC18H3,20229,85
1006494125,PSYC37H3,20229,85
1008203365,BIOA01H3,20229,70
1008203365,CHMA10H3,20229,67
1008203365,CSCA20H3,20229,88
1008203365,PHYA11H3,20229,58
1008203365,PSYA01H3,20229,62
1009126508,BIOA01H3,20229,78
1009126508,CHMA10H3,20229,78
1009126508,PSYA01H3,20229,81
1008958139,BIOA01H3,20229,77
1008958139,CHMA10H3,20229,82
1008958139,LINA01H3,20229,92
1008958139,MATA29H3,20229,94
1008958139,PSYA01H3,20229,74
1009264136,BIOA01H3,20229,73
1009264136,CHMA10H3,20229,83
1009264136,CSCA20H3,20229,96
1009264136,MATA29H3,20229,76
1009264136,PSYA01H3,20229,74
1009368505,BIOA01H3,20229,77
1009368505,CHMA10H3,20229,74
1009368505,MATA29H3,20229,65
1009368505,MDSA01H3,20229,80
1009368505,PSYA01H3,20229,67
1009257135,BIOA11H3,20229,63
1009257135,MATA32H3,20229,73
1009257135,MGEA02H3,20229,65
1009257135,MGTA01H3,20229,59
1009257135,PSYA01H3,20229,60
1006204796,BIOC35H3,20229,90
1006204796,BIOD27H3,20229,90
1006204796,BIOD95H3,20229,75
1006204796,PSYB32H3,20229,86
1008958362,BIOA01H3,20229,86
1008958362,CHMA10H3,20229,87
1008958362,PSYA01H3,20229,84
1009100811,BIOA01H3,20229,85
1009100811,CHMA10H3,20229,80
1009100811,CLAA05H3,20229,87
1009100811,ENGA10H3,20229,78
1009100811,PSYA01H3,20229,87
1009666023,HISA04H3,20229,85
1009666023,MATA32H3,20229,71
1009666023,MGEA02H3,20229,85
1009666023,PSYA01H3,20229,92
1009054844,BIOA11H3,20229,80
1009054844,COPB50H3,20229,CR
1009054844,HLTA02H3,20229,81
1009054844,PHLA11H3,20229,83
1009054844,PSYA01H3,20229,83
1009054844,STAB22H3,20229,77
1007209343,FSTA01H3,20229,85
1007209343,PSYB07H3,20229,70
1007209343,PSYB70H3,20229,78
1009132733,ENGA10H3,20229,82
1009132733,PHLA11H3,20229,83
1009132733,PSYA01H3,20229,86
1009132733,STAB22H3,20229,69
1008953660,BIOA01H3,20229,78
1008953660,CHMA10H3,20229,71
1008953660,FREA96H3,20229,88
1008953660,MATA29H3,20229,63
1008953660,PSYA01H3,20229,78
1009355555,BIOA01H3,20229,90
1009355555,CHMA10H3,20229,65
1009355555,EESA09H3,20229,98
1009355555,MATA30H3,20229,80
1009355555,PSYA01H3,20229,85
1005436404,BIOC35H3,20229,56
1005436404,HLTA02H3,20229,97
1005436404,PSYA01H3,20229,90
1009593940,FSTA01H3,20229,85
1009593940,PHLB81H3,20229,68
1009593940,PSYA01H3,20229,85
1008491053,PSYA01H3,20229,73
1009155593,BIOA01H3,20229,94
1009155593,CHMA10H3,20229,94
1009155593,MATA30H3,20229,99
1009155593,PHYA10H3,20229,91
1009155593,PSYA01H3,20229,91
1009033207,BIOA11H3,20229,65
1009033207,ENGB30H3,20229,72
1009033207,PSYA01H3,20229,72
1009410219,BIOA01H3,20229,63
1009410219,CHMA10H3,20229,57
1009410219,HLTA02H3,20229,67
1009410219,PSYA01H3,20229,55
1009410219,STAB22H3,20229,56
1009159198,BIOA01H3,20229,71
1009159198,CHMA10H3,20229,67
1009159198,JOUA01H3,20229,80
1009159198,PSYA01H3,20229,68
1008303426,LINA01H3,20229,86
1008303426,PHLA11H3,20229,82
1008303426,PSYA01H3,20229,84
1009075251,BIOA01H3,20229,83
1009075251,COPB50H3,20229,CR
1009075251,MDSA01H3,20229,91
1009075251,PSYA01H3,20229,85
1009544049,BIOA01H3,20229,73
1009544049,FREB50H3,20229,78
1009544049,HLTA02H3,20229,77
1009544049,PSYA01H3,20229,76
1009150687,BIOA01H3,20229,61
1009150687,CHMA10H3,20229,72
1009150687,ENGA01H3,20229,83
1009150687,MATA29H3,20229,63
1009150687,PSYA01H3,20229,54
1006388080,CHMA10H3,20229,57
1006388080,MATA30H3,20229,75
1006388080,PHYA10H3,20229,63
1008995483,ANTA01H3,20229,80
1008995483,BIOA01H3,20229,85
1008995483,CHMA10H3,20229,73
1008995483,MGTA01H3,20229,78
1008995483,PSYA01H3,20229,85
1009665701,BIOA01H3,20229,81
1009665701,CHMA10H3,20229,73
1009665701,MATA29H3,20229,87
1009665701,PHYA11H3,20229,58
1009665701,PSYA01H3,20229,81
1008768601,CSCA67H3,20229,56
1008768601,LINA01H3,20229,80
1008768601,PHLA11H3,20229,77
1008768601,PSYA01H3,20229,64
1009419014,BIOA01H3,20229,85
1009419014,CHMA10H3,20229,79
1009419014,LINA01H3,20229,86
1009419014,MATA29H3,20229,85
1009419014,PSYA01H3,20229,83
1009765620,BIOA01H3,20229,66
1009765620,CHMA10H3,20229,55
1009765620,LINA01H3,20229,56
1009765620,PHLB09H3,20229,62
1009765620,PSYA01H3,20229,78
1008846563,ANTA01H3,20229,84
1008846563,ENGA10H3,20229,87
1008846563,PSYA01H3,20229,88
1009101598,BIOA11H3,20229,83
1009101598,HLTA02H3,20229,77
1009101598,PSYA01H3,20229,88
1009101598,STAB22H3,20229,75
1009101598,VPSA62H3,20229,81
1009194541,BIOA01H3,20229,85
1009194541,CHMA10H3,20229,85
1009194541,ENGA01H3,20229,88
1009194541,LINA01H3,20229,91
1009194541,PSYA01H3,20229,86
1009028598,BIOA01H3,20229,71
1009028598,CHMA10H3,20229,74
1009028598,MATA29H3,20229,59
1009028598,PSYA01H3,20229,70
1008908522,BIOA01H3,20229,80
1008908522,CHMA10H3,20229,74
1008908522,MATA29H3,20229,71
1008908522,PSYA01H3,20229,82
1008908522,RLGA01H3,20229,88
1008339184,PHLA11H3,20229,90
1008339184,PHLB50H3,20229,99
1008339184,PHLB99H3,20229,94
1008339184,PSYA01H3,20229,97
1008775933,CSCA08H3,20229,73
1008775933,CSCA67H3,20229,72
1008775933,LINA01H3,20229,91
1008775933,MATA31H3,20229,75
1008775933,PSYA01H3,20229,79
1004444942,EESB04H3,20229,57
1004444942,EESB05H3,20229,70
1004444942,EESB18H3,20229,68
1004444942,EESD15H3,20229,81
1009183811,BIOA01H3,20229,85
1009183811,CHMA10H3,20229,86
1009183811,MATA29H3,20229,94
1009183811,PSYA01H3,20229,88
1006300922,BIOD34H3,20229,90
1006300922,HISB63H3,20229,100
1006300922,PSYD20H3,20229,89
1008865186,BIOA01H3,20229,88
1008865186,CHMA10H3,20229,80
1008865186,ENGA03H3,20229,79
1008865186,MATA30H3,20229,67
1008865186,PSYA01H3,20229,93
1008909102,HLTA02H3,20229,83
1008909102,LINA01H3,20229,68
1008909102,MUZA60H3,20229,86
1008909102,PSYA01H3,20229,88
1008909102,WSTA01H3,20229,89
1009320209,CSCA08H3,20229,61
1009320209,CSCA67H3,20229,75
1009320209,LINA01H3,20229,85
1009320209,MATA31H3,20229,70
1009320209,PSYA01H3,20229,72
1008903251,BIOA01H3,20229,96
1008903251,CHMA10H3,20229,92
1008903251,MATA30H3,20229,90
1008903251,PSYA01H3,20229,91
1009434435,EESA01H3,20229,74
1009434435,HLTA02H3,20229,79
1009434435,PHLB09H3,20229,70
1009434435,PHLB81H3,20229,77
1009434435,PSYA01H3,20229,70
1008850272,BIOA01H3,20229,65
1008850272,CHMA10H3,20229,71
1008850272,LINA01H3,20229,60
1008850272,PSYA01H3,20229,76
1008850272,THRB40H3,20229,73
1008452167,BIOB50H3,20229,73
1008452167,CHMA10H3,20229,73
1008452167,EESA01H3,20229,69
1008452167,PSYA01H3,20229,76
1008452167,STAB22H3,20229,74
1009323340,BIOA11H3,20229,74
1009323340,PSYA01H3,20229,55
1009323340,RLGA01H3,20229,50
1009371519,BIOA01H3,20229,97
1009371519,CHMA10H3,20229,92
1009371519,LINA01H3,20229,94
1009371519,MATA29H3,20229,96
1009371519,PSYA01H3,20229,98
1009613107,BIOA01H3,20229,64
1009613107,CHMA10H3,20229,63
1009613107,PHYA10H3,20229,50
1009613107,PSYA01H3,20229,63
1008799622,ANTA01H3,20229,70
1008799622,BIOA11H3,20229,80
1008799622,CHMA10H3,20229,75
1008799622,PHLA11H3,20229,81
1008799622,PSYA01H3,20229,85
1008945126,BIOA01H3,20229,90
1008945126,CHMA10H3,20229,84
1008945126,MATA29H3,20229,72
1008945126,PHLB09H3,20229,90
1008945126,PSYA01H3,20229,98
1007189445,MDSB03H3,20229,96
1007189445,MDSB62H3,20229,90
1007189445,MDSC41H3,20229,83
1007189445,WSTC22H3,20229,85
1009271217,AFSA01H3,20229,81
1009271217,PSYA01H3,20229,58
1009271217,WSTA01H3,20229,87
1009351942,ANTA01H3,20229,77
1009351942,HLTA02H3,20229,69
1009351942,MGTA01H3,20229,77
1009351942,PHLA11H3,20229,71
1009351942,PSYA01H3,20229,80
1009067670,CLAA04H3,20229,73
1009067670,COPB50H3,20229,CR
1009067670,CSCA08H3,20229,89
1009067670,CSCA67H3,20229,75
1009067670,LINA01H3,20229,90
1009067670,MATA31H3,20229,66
1009379575,BIOA01H3,20229,72
1009379575,CHMA10H3,20229,73
1009379575,PSYA01H3,20229,78
1009379575,THRB50H3,20229,75
1008926325,BIOA01H3,20229,81
1008926325,CHMA10H3,20229,71
1008926325,MATA29H3,20229,86
1008926325,PHYA11H3,20229,70
1008926325,PSYA01H3,20229,80
1008881444,MATA32H3,20229,67
1008881444,MGEA02H3,20229,67
1008881444,MGTA01H3,20229,68
1008881444,PSYA01H3,20229,61
1008801209,CHMA10H3,20229,73
1008801209,LINA01H3,20229,79
1008801209,PSYA01H3,20229,85
1008801209,STAB22H3,20229,70
1008433848,CSCB07H3,20229,75
1008433848,MATB24H3,20229,80
1008433848,PSYA01H3,20229,85
1008433848,STAB52H3,20229,82
1009261656,BIOA11H3,20229,77
1009261656,HLTA02H3,20229,79
1009261656,POLA01H3,20229,83
1009261656,PSYA01H3,20229,74
1009261656,STAB22H3,20229,70
1008896795,BIOA01H3,20229,63
1008896795,CHMA10H3,20229,68
1008896795,LINA01H3,20229,70
1008896795,PHLA11H3,20229,81
1008896795,PSYA01H3,20229,69
1009688508,EESA01H3,20229,72
1009688508,MGTA01H3,20229,72
1009688508,PSYA01H3,20229,66
1008598466,BIOB10H3,20229,63
1008598466,CSCA20H3,20229,50
1008598466,PSYA01H3,20229,59
1009435158,BIOA01H3,20229,83
1009435158,CHMA10H3,20229,83
1009435158,MATA29H3,20229,97
1009435158,PHLA11H3,20229,80
1009435158,PSYA01H3,20229,79
1009293293,ENGA10H3,20229,78
1009293293,HLTA02H3,20229,72
1009293293,PHLA11H3,20229,79
1009293293,PSYA01H3,20229,76
1009293293,VPHA46H3,20229,73
1008990692,BIOA01H3,20229,66
1008990692,CHMA10H3,20229,63
1008990692,PSYA01H3,20229,73
1008990692,STAB22H3,20229,80
1009099020,BIOA01H3,20229,63
1009099020,ENGA01H3,20229,79
1009099020,PSYA01H3,20229,64
1009099020,STAB22H3,20229,62
1009075233,BIOA01H3,20229,75
1009075233,CHMA10H3,20229,72
1009075233,CLAA05H3,20229,68
1009075233,PSYA01H3,20229,72
1009075233,PSYB07H3,20229,58
1008945411,BIOA01H3,20229,66
1008945411,CHMA10H3,20229,70
1008945411,PSYA01H3,20229,72
1008878118,BIOA01H3,20229,80
1008878118,CHMA10H3,20229,78
1008878118,HLTA02H3,20229,77
1008878118,LINA01H3,20229,76
1008878118,PSYA01H3,20229,74
1005234854,CSCC46H3,20229,89
1005234854,PHLB05H3,20229,81
1005234854,PSYA01H3,20229,87
1009124190,BIOA01H3,20229,85
1009124190,CHMA10H3,20229,72
1009124190,LINA01H3,20229,84
1009124190,MATA29H3,20229,83
1009124190,PSYA01H3,20229,84
1009263155,BIOA01H3,20229,65
1009263155,CHMA10H3,20229,63
1009263155,MATA29H3,20229,52
1009263155,PSYA01H3,20229,64
1009281091,BIOA01H3,20229,68
1009281091,CHMA10H3,20229,73
1009281091,MATA29H3,20229,77
1009281091,MDSA01H3,20229,74
1009281091,PSYA01H3,20229,61
1007810727,ANTA01H3,20229,81
1007810727,BIOB10H3,20229,91
1007810727,BIOB34H3,20229,84
1007810727,BIOB50H3,20229,86
1007810727,PSYA01H3,20229,83
1009187764,BIOA01H3,20229,62
1009187764,CHMA10H3,20229,65
1009187764,FREA96H3,20229,86
1009187764,LINA01H3,20229,62
1009187764,PSYA01H3,20229,65
1008004614,BIOB33H3,20229,63
1008004614,BIOB34H3,20229,84
1008004614,BIOB50H3,20229,79
1008004614,BIOB90H3,20229,CR
1008004614,PSYA01H3,20229,75
1009555893,BIOA01H3,20229,72
1009555893,CHMA10H3,20229,67
1009555893,PHLB09H3,20229,74
1009555893,PHYA11H3,20229,65
1009555893,PSYA01H3,20229,77
1009329745,BIOA01H3,20229,81
1009329745,CHMA10H3,20229,79
1009329745,HLTA02H3,20229,84
1009329745,PSYA01H3,20229,87
1009329745,STAB22H3,20229,84
1007143663,COPB11H3,20229,CR
1007143663,FREA96H3,20229,90
1007143663,MGAB01H3,20229,86
1007143663,MGEB11H3,20229,74
1006182550,CSCC11H3,20229,69
1006182550,EESA09H3,20229,85
1006182550,PSYA01H3,20229,65
1006182550,STAC62H3,20229,58
1006182550,STAD37H3,20229,75
1006253803,CITB04H3,20229,81
1006253803,FREB20H3,20229,61
1006253803,FREC01H3,20229,72
1006253803,GGRC50H3,20229,78
1006253803,PSYA01H3,20229,57
1009011819,BIOA01H3,20229,93
1009011819,CHMA10H3,20229,85
1009011819,CLAA05H3,20229,83
1009011819,HLTA02H3,20229,87
1009011819,PSYA01H3,20229,91
1009549302,BIOA01H3,20229,62
1009549302,CHMA10H3,20229,57
1009549302,MATA29H3,20229,50
1009549302,PSYA01H3,20229,77
1009302746,ENGA01H3,20229,86
1009302746,ENGA02H3,20229,78
1009302746,ENGB27H3,20229,82
1009302746,PSYA01H3,20229,64
1008809309,BIOA01H3,20229,81
1008809309,HLTA02H3,20229,83
1008809309,MATA29H3,20229,96
1008809309,PSYA01H3,20229,88
1008351043,GGRB13H3,20229,74
1008351043,MGTA01H3,20229,77
1008351043,PSYA01H3,20229,82
1008351043,VPAA10H3,20229,82
1008156488,ENGA01H3,20229,81
1008156488,ENGB27H3,20229,77
1008156488,FREC01H3,20229,80
1008156488,PHLA11H3,20229,82
1009270860,BIOA01H3,20229,64
1009270860,CHMA10H3,20229,71
1009270860,MATA29H3,20229,55
1009270860,PSYA01H3,20229,70
1008914864,BIOA01H3,20229,68
1008914864,CHMA10H3,20229,72
1008914864,PSYA01H3,20229,64
1009009742,LINA01H3,20229,80
1009009742,PHLA11H3,20229,77
1009009742,PHLB35H3,20229,83
1009009742,PSYA01H3,20229,77
1009115271,BIOA11H3,20229,67
1009115271,ENGB75H3,20229,77
1009115271,PSYA01H3,20229,81
1009115271,STAB22H3,20229,75
1009135847,ANTA02H3,20229,94
1009135847,BIOA01H3,20229,95
1009135847,CHMA10H3,20229,89
1009135847,ENGA01H3,20229,92
1009135847,PSYA01H3,20229,96
1009440632,BIOA01H3,20229,90
1009440632,CHMA10H3,20229,82
1009440632,LINA01H3,20229,82
1009440632,MATA29H3,20229,90
1009440632,PSYA01H3,20229,88
1008237659,PSYA01H3,20229,60
1009338361,BIOA01H3,20229,54
1009338361,POLA01H3,20229,74
1009338361,STAB23H3,20229,60
1009338361,WSTA01H3,20229,72
1009609906,BIOA01H3,20229,76
1009609906,CHMA10H3,20229,70
1009609906,PSYA01H3,20229,64
1009014022,BIOA11H3,20229,80
1009014022,PSYA01H3,20229,89
1009014022,STAB22H3,20229,96
1009487431,HLTA02H3,20229,78
1009487431,LINA01H3,20229,78
1009487431,PHLB35H3,20229,76
1009487431,PSYA01H3,20229,78
1009487431,STAB22H3,20229,65
1009160453,COPB11H3,20229,CR
1009160453,MATA32H3,20229,67
1009160453,MGAB01H3,20229,96
1009160453,MGEA02H3,20229,77
1009160453,MGMA01H3,20229,80
1009160453,PSYA01H3,20229,81
1009028311,BIOA01H3,20229,80
1009028311,CHMA10H3,20229,84
1009028311,MATA30H3,20229,85
1009028311,PHYA11H3,20229,67
1009028311,PSYA01H3,20229,73
1009613722,BIOA01H3,20229,93
1009613722,CHMA10H3,20229,85
1009613722,MATA29H3,20229,83
1009613722,PHYA11H3,20229,75
1009613722,PSYA01H3,20229,92
1007113641,CHMA10H3,20229,65
1007113641,ENGB70H3,20229,85
1007113641,PHLB09H3,20229,80
1007113641,PSYA01H3,20229,70
1009671455,BIOA01H3,20229,67
1009671455,CHMA10H3,20229,73
1009671455,MATA29H3,20229,69
1009671455,PSYA01H3,20229,79
1009671455,THRA10H3,20229,83
1009349439,ENGA01H3,20229,90
1009349439,ENGA03H3,20229,58
1009349439,ENGB27H3,20229,76
1009349439,LINA01H3,20229,84
1009349439,PSYA01H3,20229,82
1008968672,BIOA11H3,20229,67
1008968672,EESA09H3,20229,64
1008968672,LINA01H3,20229,70
1008968672,MDSA01H3,20229,80
1008968672,PHLB81H3,20229,80
1008968672,PSYA01H3,20229,63
1008998462,ANTA01H3,20229,81
1008998462,BIOA01H3,20229,82
1008998462,CHMA10H3,20229,84
1008998462,MDSA01H3,20229,81
1008998462,PSYA01H3,20229,86
1008441642,POLA01H3,20229,69
1008441642,PSYA01H3,20229,78
1008441642,STAB22H3,20229,64
1009008002,CLAA05H3,20229,88
1009008002,MDSA01H3,20229,87
1009008002,POLA01H3,20229,82
1009008002,PSYA01H3,20229,86
1009157305,IDSA01H3,20229,90
1009157305,MATA32H3,20229,50
1009157305,MGEA02H3,20229,63
1009157305,MGTA01H3,20229,77
1009157305,PSYA01H3,20229,85
1009090564,BIOA01H3,20229,85
1009090564,CHMA10H3,20229,76
1009090564,MATA29H3,20229,77
1009090564,PSYA01H3,20229,85
1009293970,HLTA02H3,20229,71
1009293970,LINA01H3,20229,83
1009293970,POLA01H3,20229,82
1009293970,PSYA01H3,20229,63
1009293970,STAB22H3,20229,73
1009366687,BIOA01H3,20229,74
1009366687,MATA29H3,20229,62
1009366687,PSYA01H3,20229,74
1007375975,PSYA01H3,20229,77
1007375975,PSYB20H3,20229,69
1007375975,PSYB55H3,20229,60
1007375975,PSYC39H3,20229,90
1009195764,BIOA01H3,20229,70
1009195764,CHMA10H3,20229,66
1009195764,PSYA01H3,20229,68
1009195764,STAB22H3,20229,62
1009256902,BIOA11H3,20229,63
1009256902,CHMA10H3,20229,60
1009256902,PHLB09H3,20229,54
1009256902,PSYA01H3,20229,58
1009256902,STAB23H3,20229,69
1009058966,CHMA10H3,20229,83
1009058966,HLTA02H3,20229,84
1009058966,IDSA01H3,20229,81
1009058966,PSYB32H3,20229,68
1009008770,BIOA01H3,20229,70
1009008770,CHMA10H3,20229,70
1009008770,MATA29H3,20229,59
1009008770,PSYA01H3,20229,78
1008028849,BIOB34H3,20229,87
1008028849,BIOB50H3,20229,62
1008028849,LINA01H3,20229,61
1008028849,PSYA01H3,20229,58
1009523188,EESA09H3,20229,84
1009523188,EESB18H3,20229,71
1009523188,ESTB01H3,20229,72
1009523188,PSYA01H3,20229,77
1008166048,ENGA10H3,20229,81
1008166048,FREA01H3,20229,87
1008166048,PHLA11H3,20229,87
1008166048,PSYA01H3,20229,96
1008166048,STAB22H3,20229,81
1009255538,FREA96H3,20229,81
1009255538,IDSA01H3,20229,75
1009255538,PSYA01H3,20229,63
1009397984,BIOA01H3,20229,67
1009397984,CHMA10H3,20229,63
1009397984,POLA01H3,20229,73
1009397984,PSYA01H3,20229,70
1009397984,VPAA10H3,20229,76
1009363127,ANTA01H3,20229,72
1009363127,BIOA01H3,20229,60
1009363127,POLA01H3,20229,69
1009363127,PSYA01H3,20229,75
1009363127,RLGA01H3,20229,60
1005508899,MGEC34H3,20229,81
1005508899,MGMC11H3,20229,90
1005508899,MGOC10H3,20229,85
1005508899,PSYA01H3,20229,87
1009400042,BIOA01H3,20229,73
1009400042,CHMA10H3,20229,79
1009400042,MATA29H3,20229,68
1009400042,PHLA11H3,20229,81
1009400042,PSYA01H3,20229,76
1009137248,CSCA08H3,20229,86
1009137248,CSCA67H3,20229,71
1009137248,LINA01H3,20229,71
1009137248,MATA31H3,20229,76
1009137248,PSYA01H3,20229,76
1009120620,EESA01H3,20229,70
1009120620,EESA09H3,20229,75
1009120620,IDSA01H3,20229,82
1009120620,LINA01H3,20229,72
1009120620,PSYA01H3,20229,64
1009338691,BIOA01H3,20229,74
1009338691,CHMA10H3,20229,66
1009338691,CSCA20H3,20229,100
1009338691,ENGB30H3,20229,64
1009338691,PSYA01H3,20229,74
1009022790,BIOA01H3,20229,75
1009022790,CHMA10H3,20229,68
1009022790,HLTA02H3,20229,76
1009022790,PSYA01H3,20229,79
1009008306,ANTA01H3,20229,78
1009008306,BIOA01H3,20229,77
1009008306,HLTA02H3,20229,73
1009008306,PSYA01H3,20229,79
1009022022,BIOA01H3,20229,64
1009022022,CHMA10H3,20229,66
1009022022,MDSA01H3,20229,81
1009022022,PSYA01H3,20229,61
1008854063,BIOA01H3,20229,80
1008854063,CHMA10H3,20229,66
1008854063,EESA01H3,20229,76
1008854063,PSYA01H3,20229,80
1008854063,STAB22H3,20229,72
1009045739,ANTA01H3,20229,80
1009045739,CTLA01H3,20229,95
1009045739,FSTA01H3,20229,73
1009045739,PSYA01H3,20229,78
1009389421,ENGA10H3,20229,76
1009389421,MDSA01H3,20229,88
1009389421,PSYA01H3,20229,84
1009007441,ANTA02H3,20229,76
1009007441,BIOA01H3,20229,66
1009007441,CHMA10H3,20229,76
1009007441,MATA29H3,20229,77
1009007441,PSYA01H3,20229,76
1008970080,BIOA01H3,20229,85
1008970080,CHMA10H3,20229,85
1008970080,LINA01H3,20229,88
1008970080,MATA30H3,20229,70
1008970080,PSYA01H3,20229,88
1005302824,MGEC58H3,20229,87
1005302824,MGFD10H3,20229,70
1005302824,MGFD70H3,20229,85
1005302824,PSYA01H3,20229,90
1009429511,ENGA01H3,20229,79
1009429511,ENGB27H3,20229,68
1009429511,PSYA01H3,20229,72
1009429511,STAB22H3,20229,62
1009161997,MATA29H3,20229,62
1009161997,PSYA01H3,20229,78
1009161997,STAB23H3,20229,69
1009527941,BIOA01H3,20229,93
1009527941,CHMA10H3,20229,94
1009527941,COPB50H3,20229,CR
1009527941,MATA30H3,20229,88
1009527941,PHYA11H3,20229,82
1009527941,PSYA01H3,20229,86
1009297397,BIOA01H3,20229,65
1009297397,MATA29H3,20229,59
1009297397,PSYA01H3,20229,57
1009297397,STAB22H3,20229,62
1005503643,CITA01H3,20229,58
1005503643,GGRC13H3,20229,51
1008897650,COPB50H3,20229,CR
1008897650,CSCA08H3,20229,96
1008897650,CSCA67H3,20229,97
1008897650,MATA31H3,20229,98
1008897650,MGTA01H3,20229,84
1008897650,PSYA01H3,20229,93
1009408240,BIOA01H3,20229,75
1009408240,EESA09H3,20229,87
1009408240,HISA07H3,20229,68
1009408240,PSYA01H3,20229,79
1009414288,ANTA01H3,20229,84
1009414288,BIOA01H3,20229,80
1009414288,HLTA02H3,20229,84
1009414288,PSYA01H3,20229,85
1009414288,STAB22H3,20229,68
1009022068,PSYA01H3,20229,89
1009316401,BIOA01H3,20229,70
1009316401,CHMA10H3,20229,70
1009316401,IDSA01H3,20229,88
1009316401,MATA29H3,20229,71
1009316401,PSYA01H3,20229,80
1009195185,BIOA01H3,20229,70
1009195185,CHMA10H3,20229,70
1009195185,MATA29H3,20229,59
1009195185,PHYA11H3,20229,58
1009195185,PSYA01H3,20229,68
1000864718,EESB04H3,20229,76
1000864718,ESTC34H3,20229,77
1000864718,ESTC36H3,20229,66
1000864718,LGGC64H3,20229,63
1000864718,PSYA01H3,20229,72
1009126170,BIOA01H3,20229,80
1009126170,CHMA10H3,20229,84
1009126170,COPB50H3,20229,CR
1009126170,LINA01H3,20229,86
1009126170,MATA29H3,20229,89
1009126170,PSYA01H3,20229,80
1007957409,MDSA01H3,20229,61
1009406144,BIOA01H3,20229,75
1009406144,CHMA10H3,20229,74
1009406144,HLTA02H3,20229,78
1009406144,PSYA01H3,20229,74
1009406144,STAB22H3,20229,74
1008989258,BIOA01H3,20229,88
1008989258,CHMA10H3,20229,82
1008989258,PSYA01H3,20229,89
1008989258,PSYB07H3,20229,80
1008821438,BIOA01H3,20229,63
1008821438,CHMA10H3,20229,64
1008821438,EESA01H3,20229,60
1008821438,PSYA01H3,20229,67
1008821438,RLGA01H3,20229,82
1009397779,BIOA01H3,20229,57
1009397779,CHMA10H3,20229,66
1009397779,MATA29H3,20229,82
1009397779,PSYA01H3,20229,56
1009397779,VPAA10H3,20229,71
1009119721,HLTA02H3,20229,62
1009119721,PSYA01H3,20229,51
1008794253,EESA01H3,20229,87
1008794253,GGRA02H3,20229,84
1008794253,POLA01H3,20229,76
1008794253,PSYA01H3,20229,87
1009631855,BIOA01H3,20229,71
1009631855,CHMA10H3,20229,69
1009631855,PHLA11H3,20229,83
1009631855,PSYA01H3,20229,79
1009631855,STAB22H3,20229,76
1009196503,CSCA08H3,20229,84
1009196503,CSCA67H3,20229,76
1009196503,FSTA01H3,20229,80
1009196503,MATA31H3,20229,75
1009196503,PSYA01H3,20229,86
1005070539,PSYA01H3,20229,97
1005070539,STAD57H3,20229,70
1005070539,STAD78H3,20229,73
1009345451,BIOA01H3,20229,80
1009345451,CHMA10H3,20229,80
1009345451,MATA30H3,20229,88
1009345451,PHYA11H3,20229,82
1009345451,PSYA01H3,20229,77
1009331858,ANTB19H3,20229,87
1009331858,PSYA01H3,20229,68
1009331858,WSTA01H3,20229,73
1009316232,BIOA01H3,20229,78
1009316232,CHMA10H3,20229,76
1009316232,MATA29H3,20229,70
1009316232,PHYA11H3,20229,53
1009316232,PSYA01H3,20229,73
1009066225,BIOA01H3,20229,75
1009066225,CHMA10H3,20229,68
1009066225,MATA30H3,20229,70
1009066225,PSYA01H3,20229,76
1007019405,BIOC12H3,20229,93
1007019405,BIOC15H3,20229,94
1007019405,BIOC19H3,20229,91
1007019405,BIOC32H3,20229,90
1007019405,BIOC90H3,20229,CR
1007019405,PSYA01H3,20229,95
1009002455,BIOA01H3,20229,75
1009002455,CHMA10H3,20229,72
1009002455,HLTA02H3,20229,76
1009002455,MATA29H3,20229,87
1009002455,PSYA01H3,20229,72
1009338183,BIOA11H3,20229,75
1009338183,ENGA01H3,20229,76
1009338183,ENGB27H3,20229,80
1009338183,ENGB70H3,20229,81
1009338183,PSYA01H3,20229,71
1009417622,ANTA01H3,20229,60
1009417622,BIOA11H3,20229,70
1009417622,HLTA02H3,20229,65
1009417622,PSYA01H3,20229,59
1009265279,BIOA01H3,20229,87
1009265279,CHMA10H3,20229,82
1009265279,MATA29H3,20229,84
1009265279,PSYA01H3,20229,85
1009265279,STAB22H3,20229,74
1008752164,BIOA01H3,20229,66
1008752164,CHMA10H3,20229,66
1008752164,LINA01H3,20229,72
1008752164,MDSA01H3,20229,57
1008752164,PSYA01H3,20229,68
1009079603,BIOA01H3,20229,88
1009079603,CHMA10H3,20229,81
1009079603,EESA09H3,20229,86
1009079603,FSTA01H3,20229,88
1009079603,PSYA01H3,20229,80
1009079603,PSYB07H3,20229,85
1009092839,HLTA02H3,20229,86
1009092839,LINA01H3,20229,91
1009092839,MDSA01H3,20229,88
1009092839,PSYA01H3,20229,89
1009092839,STAB22H3,20229,94
1009437995,BIOA01H3,20229,64
1009437995,CHMA10H3,20229,67
1009437995,PHLB09H3,20229,73
1009437995,PSYA01H3,20229,73
1009437995,STAB22H3,20229,62
1009349126,BIOA01H3,20229,78
1009349126,CHMA10H3,20229,73
1009349126,LINA01H3,20229,70
1009349126,PSYA01H3,20229,69
1009100688,BIOA01H3,20229,60
1009100688,CHMA10H3,20229,58
1009100688,ENGA10H3,20229,82
1009100688,PSYA01H3,20229,60
1009398260,BIOA01H3,20229,93
1009398260,CHMA10H3,20229,85
1009398260,MATA29H3,20229,80
1009398260,PHLB35H3,20229,77
1009398260,PSYA01H3,20229,89
1009077053,CSCA20H3,20229,70
1009077053,EESA01H3,20229,65
1009077053,MGEA01H3,20229,60
1009077053,PSYA01H3,20229,56
1009077053,STAB22H3,20229,67
1008828912,BIOA01H3,20229,64
1008828912,FSTA01H3,20229,85
1008828912,HLTA02H3,20229,83
1008828912,MDSA01H3,20229,82
1008828912,PSYA01H3,20229,75
1009032841,COPB50H3,20229,CR
1009032841,CSCA08H3,20229,89
1009032841,CSCA67H3,20229,84
1009032841,MATA31H3,20229,71
1009032841,PSYA01H3,20229,94
1008769281,CHMA10H3,20229,80
1008769281,PSYA01H3,20229,91
1008769281,STAB22H3,20229,94
1009361655,BIOA11H3,20229,65
1009361655,HLTA02H3,20229,73
1009361655,MGTA01H3,20229,57
1009361655,PHLA11H3,20229,79
1009361655,PSYA01H3,20229,69
1009397957,BIOA01H3,20229,77
1009397957,CHMA10H3,20229,77
1009397957,CSCA08H3,20229,68
1009397957,MATA29H3,20229,82
1009397957,PSYA01H3,20229,80
1008027305,POLB30H3,20229,80
1008027305,PSYA01H3,20229,55
1008027305,SOCB05H3,20229,83
1008027305,SOCB42H3,20229,80
1009680748,ANTA01H3,20229,83
1009680748,BIOA01H3,20229,75
1009680748,CHMA10H3,20229,65
1009680748,ENGA01H3,20229,78
1009680748,PSYA01H3,20229,84
1008877878,FREA96H3,20229,87
1008877878,MATA32H3,20229,54
1008877878,MGEA02H3,20229,63
1009578413,BIOA01H3,20229,63
1009578413,EESA01H3,20229,72
1009578413,PHLA11H3,20229,76
1009578413,PSYA01H3,20229,77
1009351434,BIOA01H3,20229,85
1009351434,CHMA10H3,20229,85
1009351434,HLTA02H3,20229,87
1009351434,MATA29H3,20229,76
1009351434,PSYA01H3,20229,83
1009389662,BIOA01H3,20229,90
1009389662,CHMA10H3,20229,84
1009389662,MATA29H3,20229,92
1009389662,PSYA01H3,20229,82
1009417800,COPB13H3,20229,CR
1009417800,MGAB01H3,20229,63
1009417800,MGEA02H3,20229,50
1009417800,MGTA05H3,20229,54
1009461805,BIOA01H3,20229,60
1009461805,HLTA02H3,20229,75
1009461805,MGTA01H3,20229,53
1009461805,PHLA11H3,20229,79
1009461805,PSYA01H3,20229,64
1009523302,HLTA02H3,20229,78
1009523302,MGTA01H3,20229,75
1009523302,PHLA11H3,20229,76
1009523302,PHLB09H3,20229,73
1009523302,PSYA01H3,20229,67
1008786262,COPB50H3,20229,CR
1008786262,ENGA03H3,20229,54
1008786262,PSYA01H3,20229,62
1009340508,BIOA01H3,20229,66
1009340508,CHMA10H3,20229,71
1009340508,MATA30H3,20229,55
1009340508,PSYA01H3,20229,83
1008167136,POLB30H3,20229,80
1008167136,POLB72H3,20229,70
1008167136,PSYA01H3,20229,67
1009318631,BIOA01H3,20229,83
1009318631,CHMA10H3,20229,79
1009318631,HLTA02H3,20229,84
1009318631,MATA29H3,20229,75
1009318631,PSYA01H3,20229,88
1009263716,BIOA01H3,20229,50
1009263716,CHMA10H3,20229,62
1009263716,FSTA01H3,20229,74
1009263716,MATA29H3,20229,60
1009263716,PSYA01H3,20229,55
1009189389,BIOA01H3,20229,58
1009189389,CHMA10H3,20229,72
1009189389,PSYA01H3,20229,65
1008999577,BIOA01H3,20229,90
1008999577,CHMA10H3,20229,79
1008999577,LINA01H3,20229,90
1008999577,PHLB09H3,20229,85
1008999577,PSYA01H3,20229,88
1009639312,BIOA01H3,20229,86
1009639312,CHMA10H3,20229,78
1009639312,MATA29H3,20229,74
1009639312,PHLA11H3,20229,88
1009639312,PSYA01H3,20229,90
1008912456,CLAA05H3,20229,55
1008912456,HLTA02H3,20229,73
1008912456,PSYA01H3,20229,71
1008319188,BIOB10H3,20229,93
1008319188,BIOB34H3,20229,88
1008319188,BIOB50H3,20229,84
1008319188,BIOB90H3,20229,CR
1008319188,CHMB16H3,20229,78
1008319188,PSYA01H3,20229,74
1008724427,BIOA11H3,20229,74
1008724427,PHLA11H3,20229,74
1008724427,PSYA01H3,20229,64
1008724427,STAB22H3,20229,68
1009122334,BIOA01H3,20229,68
1009122334,HLTA02H3,20229,68
1009122334,PHLB09H3,20229,70
1009122334,PSYA01H3,20229,64
1009420020,BIOA11H3,20229,77
1009420020,HLTA02H3,20229,70
1009420020,PSYA01H3,20229,71
1006254517,BIOD23H3,20229,80
1006254517,CHMC11H3,20229,70
1006254517,CSCA20H3,20229,100
1006254517,EESA09H3,20229,82
1009306216,BIOA01H3,20229,77
1009306216,HLTA02H3,20229,81
1009306216,LINA01H3,20229,86
1009306216,PHLB09H3,20229,84
1009306216,PSYA01H3,20229,83
1009551487,HLTA02H3,20229,80
1009551487,MGTA01H3,20229,78
1009551487,PHLA11H3,20229,77
1009551487,PHLB09H3,20229,77
1009551487,PSYA01H3,20229,70
1007359733,ASTB03H3,20229,88
1007359733,HLTA02H3,20229,91
1007359733,LINA01H3,20229,98
1007359733,MDSA01H3,20229,86
1007359733,PSYA01H3,20229,92
1009253594,COPB11H3,20229,CR
1009253594,MATA32H3,20229,85
1009253594,MGAB01H3,20229,99
1009253594,MGEA02H3,20229,82
1009253594,MGMA01H3,20229,90
1009253594,MGTA05H3,20229,87
1009053765,MGTA01H3,20229,74
1009053765,PSYA01H3,20229,90
1009053765,VPAA10H3,20229,85
1009053765,VPSA62H3,20229,88
1009053765,VPSA63H3,20229,87
1009272314,BIOA01H3,20229,60
1009272314,CHMA10H3,20229,60
1009272314,ENGA01H3,20229,81
1009272314,PSYA01H3,20229,68
1008837010,CHMA10H3,20229,57
1008837010,MATA29H3,20229,82
1008837010,PSYA01H3,20229,53
1009628075,BIOA01H3,20229,66
1009628075,CHMA10H3,20229,64
1009628075,HLTA02H3,20229,79
1009628075,MATA29H3,20229,51
1009628075,PSYA01H3,20229,73
1009587350,BIOA11H3,20229,67
1009587350,PHLA11H3,20229,75
1009587350,PSYA01H3,20229,56
1009587350,STAB22H3,20229,64
1009587350,VPHA46H3,20229,61
1008835307,BIOA11H3,20229,63
1008835307,LINA01H3,20229,71
1008835307,MDSA01H3,20229,70
1008835307,PSYA01H3,20229,51
1005948487,CSCC43H3,20229,63
1005948487,CSCD03H3,20229,88
1005948487,CSCD27H3,20229,64
1005948487,EESA07H3,20229,83
1005948487,PSYA01H3,20229,68
1005536724,ANTB19H3,20229,84
1005536724,ENGB27H3,20229,72
1005536724,ENGC29H3,20229,76
1008966996,ANTA01H3,20229,70
1008966996,ENGA01H3,20229,68
1008966996,PHLB81H3,20229,63
1008966996,PSYA01H3,20229,73
1008966996,WSTA01H3,20229,92
1008916327,BIOA01H3,20229,68
1008916327,CHMA10H3,20229,66
1008916327,MATA29H3,20229,56
1008916327,PSYA01H3,20229,62
1009127366,BIOA01H3,20229,80
1009127366,CHMA10H3,20229,76
1009127366,MGTA01H3,20229,78
1009127366,PSYA01H3,20229,73
1009368774,BIOA01H3,20229,73
1009368774,CHMA10H3,20229,70
1009368774,PSYA01H3,20229,78
1009368774,STAB22H3,20229,73
1009014193,BIOA11H3,20229,74
1009014193,ENGB30H3,20229,66
1009014193,PSYA01H3,20229,70
1009014193,THRA10H3,20229,88
1009572311,BIOA01H3,20229,67
1009572311,CHMA10H3,20229,67
1009572311,ENGA01H3,20229,68
1009572311,MGTA01H3,20229,57
1009572311,PSYA01H3,20229,70
1008823579,FREB01H3,20229,83
1008823579,PSYA01H3,20229,69
1009271020,BIOA01H3,20229,88
1009271020,CHMA10H3,20229,85
1009271020,LINA01H3,20229,87
1009271020,MATA29H3,20229,82
1009271020,PSYA01H3,20229,94
1009074902,BIOA01H3,20229,73
1009074902,CHMA10H3,20229,74
1009074902,MATA29H3,20229,55
1009074902,PSYA01H3,20229,79
1009179791,BIOA01H3,20229,57
1009179791,CHMA10H3,20229,59
1009179791,MATA29H3,20229,62
1009179791,PHYA11H3,20229,52
1009179791,PSYA01H3,20229,54
1005033884,MGEC31H3,20229,73
1005033884,MGSC14H3,20229,92
1005033884,PSYA01H3,20229,85
1005033884,WSTA01H3,20229,82
1009328871,BIOA01H3,20229,57
1009328871,CHMA10H3,20229,69
1009328871,PSYA01H3,20229,62
1009328871,VPSA62H3,20229,78
1009264920,ANTA01H3,20229,83
1009264920,IDSA01H3,20229,81
1009264920,PSYA01H3,20229,83
1008953642,COPB50H3,20229,CR
1008953642,CTLA01H3,20229,85
1008953642,PHLB81H3,20229,81
1008953642,PSYA01H3,20229,74
1006440870,BIOC35H3,20229,79
1006440870,BIOD17H3,20229,81
1006440870,EESA09H3,20229,84
1006440870,EESD13H3,20229,75
1006440870,FREC01H3,20229,78
1006217274,ANTA01H3,20229,74
1006217274,ANTA02H3,20229,60
1006217274,EESA09H3,20229,90
1006217274,PSYA01H3,20229,66
1008924568,BIOA11H3,20229,75
1008924568,ENGA01H3,20229,85
1008924568,LINA01H3,20229,67
1008924568,MDSA01H3,20229,91
1008924568,PSYA01H3,20229,88
1006504294,NROC34H3,20229,78
1006504294,PSYB20H3,20229,84
1006504294,PSYC37H3,20229,78
1008263399,COPB50H3,20229,CR
1008263399,HLTB11H3,20229,65
1008263399,HLTB16H3,20229,54
1008263399,PSYA01H3,20229,53
1008811626,BIOA01H3,20229,80
1008811626,CHMA10H3,20229,84
1008811626,MATA29H3,20229,79
1008811626,PSYA01H3,20229,82
1009120997,BIOA11H3,20229,87
1009120997,COPB50H3,20229,CR
1009120997,MDSA01H3,20229,82
1009120997,PHLA11H3,20229,81
1009120997,PSYA01H3,20229,88
1004637244,MGEB11H3,20229,67
1004637244,MGHB12H3,20229,80
1004637244,MGTA35H3,20229,83
1009577227,BIOA01H3,20229,64
1009577227,HLTA02H3,20229,78
1009577227,MDSA01H3,20229,82
1009577227,PSYA01H3,20229,72
1009066779,BIOA01H3,20229,75
1009066779,CHMA10H3,20229,74
1009066779,HLTA02H3,20229,82
1009066779,PHLB09H3,20229,82
1009066779,PSYA01H3,20229,81
1006964420,COPC07H3,20229,CR
1006964420,PSYA01H3,20229,80
1009429272,BIOA01H3,20229,90
1009429272,CHMA10H3,20229,83
1009429272,PHLB09H3,20229,71
1009429272,PSYA01H3,20229,86
1009429272,STAB22H3,20229,90
1009586903,ENGB70H3,20229,92
1009586903,PHLA11H3,20229,81
1009586903,PHLB81H3,20229,73
1009586903,PSYA01H3,20229,82
1009352727,BIOA01H3,20229,80
1009352727,CHMA10H3,20229,83
1009352727,MATA29H3,20229,95
1009352727,PHLB81H3,20229,80
1009352727,PSYA01H3,20229,89
1006898485,PSYA01H3,20229,84
1009298555,HLTA02H3,20229,73
1009298555,LINA01H3,20229,69
1009298555,MUZA60H3,20229,75
1009298555,PHLA11H3,20229,76
1009298555,PSYA01H3,20229,68
1009122619,HISA04H3,20229,83
1009122619,MDSA01H3,20229,87
1009122619,PSYA01H3,20229,89
1009122619,VPAA10H3,20229,85
1004481893,CHMA10H3,20229,58
1008062702,IDSB11H3,20229,60
1008062702,MDSA01H3,20229,73
1009464045,BIOA01H3,20229,70
1009464045,CHMA10H3,20229,72
1009464045,PSYA01H3,20229,66
1009464045,STAB22H3,20229,60
1009149011,BIOA01H3,20229,72
1009149011,CHMA10H3,20229,73
1009149011,MATA30H3,20229,78
1009149011,MGTA01H3,20229,63
1009149011,PSYA01H3,20229,67
1009749809,BIOA01H3,20229,65
1009749809,CHMA10H3,20229,69
1009749809,PSYA01H3,20229,70
1009199172,BIOA01H3,20229,87
1009199172,CHMA10H3,20229,83
1009199172,COPB50H3,20229,CR
1009199172,HLTA02H3,20229,88
1009199172,LINA01H3,20229,76
1009199172,PSYA01H3,20229,80
1006083088,MGEB12H3,20229,51
1006083088,MGFB10H3,20229,64
1006083088,MGHC02H3,20229,80
1006083088,PSYA01H3,20229,75
1009260540,BIOA01H3,20229,68
1009260540,CHMA10H3,20229,70
1009260540,HLTA02H3,20229,75
1009260540,PSYA01H3,20229,69
1009295451,BIOA11H3,20229,73
1009295451,CSCA20H3,20229,50
1009295451,ENGA10H3,20229,80
1009295451,HLTA02H3,20229,81
1009295451,PSYA01H3,20229,77
1009642013,BIOA11H3,20229,78
1009642013,CHMA10H3,20229,72
1009642013,PHLA11H3,20229,79
1009642013,PSYA01H3,20229,66
1009273368,BIOA01H3,20229,60
1009273368,CHMA10H3,20229,70
1009273368,GASB57H3,20229,77
1009273368,LINA01H3,20229,83
1009273368,PSYA01H3,20229,63
1009068170,ANTA01H3,20229,90
1009068170,CLAA05H3,20229,78
1009068170,CTLA01H3,20229,92
1009068170,HLTA02H3,20229,83
1009068170,PSYA01H3,20229,84
1009760199,BIOA01H3,20229,80
1009760199,EESA09H3,20229,90
1009760199,PSYA01H3,20229,84
1009760199,STAB23H3,20229,85
1009427265,ANTA01H3,20229,67
1009427265,BIOA01H3,20229,73
1009427265,ENGA01H3,20229,84
1009427265,LINA01H3,20229,67
1009427265,PSYA01H3,20229,85
1009585370,BIOA01H3,20229,76
1009585370,CHMA10H3,20229,78
1009585370,CSCA20H3,20229,100
1009585370,MATA29H3,20229,88
1009585370,PSYA01H3,20229,81
1009189977,ANTA01H3,20229,68
1009189977,ENGA03H3,20229,78
1009189977,LINA01H3,20229,67
1009189977,PSYA01H3,20229,63
1009189977,WSTA01H3,20229,77
1009605143,LINA01H3,20229,80
1009605143,LINB09H3,20229,67
1009605143,LINB20H3,20229,88
1009605143,PSYA01H3,20229,69
1009360460,BIOA01H3,20229,80
1009360460,CHMA10H3,20229,77
1009360460,ENGA01H3,20229,84
1009360460,MATA29H3,20229,87
1009092278,ANTA01H3,20229,72
1009092278,ENGA03H3,20229,81
1009092278,PSYA01H3,20229,74
1008833201,MATA32H3,20229,62
1008833201,MDSA01H3,20229,74
1008833201,MGEA02H3,20229,77
1008833201,PSYA01H3,20229,57
1007047811,BIOA11H3,20229,51
1007047811,IDSA01H3,20229,71
1007047811,MDSA01H3,20229,75
1009360772,BIOA11H3,20229,80
1009360772,ENGA10H3,20229,73
1009360772,LINA01H3,20229,82
1009360772,PSYA01H3,20229,77
1008459142,BIOA01H3,20229,71
1008459142,MATA29H3,20229,68
1008459142,PSYA01H3,20229,73
993207196,CHMB41H3,20229,93
993207196,PSYA01H3,20229,96
1008923818,EESA09H3,20229,58
1008923818,PSYA01H3,20229,51
1009053266,ENGA01H3,20229,65
1009053266,ENGA10H3,20229,81
1009053266,PSYA01H3,20229,58
1009053266,STAB22H3,20229,54
1006280748,CSCC46H3,20229,85
1006280748,CSCC73H3,20229,87
1006280748,CSCD27H3,20229,80
1006280748,CSCD58H3,20229,83
1006280748,PSYA01H3,20229,83
1009706999,ANTA02H3,20229,59
1009706999,EESA09H3,20229,77
1009706999,LINA01H3,20229,55
1009706999,MDSA01H3,20229,76
1009706999,PSYA01H3,20229,57
1005242088,CSCA08H3,20229,80
1005242088,PSYC12H3,20229,89
1005242088,PSYC31H3,20229,90
1005242088,PSYD59H3,20229,86
1005732655,BIOC19H3,20229,68
1005732655,BIOD26H3,20229,56
1005732655,HISA07H3,20229,64
1005732655,PSYB20H3,20229,73
1007886441,CHMA10H3,20229,95
1007886441,COPB51H3,20229,CR
1007886441,MATB24H3,20229,90
1007886441,MATB41H3,20229,98
1007886441,MATB44H3,20229,85
1007886441,PSYA01H3,20229,92
1008836609,BIOA01H3,20229,75
1008836609,MDSA01H3,20229,82
1008836609,PSYA01H3,20229,84
1008836609,VPSA62H3,20229,83
1008836609,VPSA63H3,20229,75
1007587719,BIOB50H3,20229,71
1007587719,HLTA02H3,20229,74
1007587719,HLTC19H3,20229,80
1007587719,PSYA01H3,20229,80
1008411657,MATB41H3,20229,91
1008411657,MGEB02H3,20229,74
1008411657,PSYA01H3,20229,63
1008411657,STAB57H3,20229,70
1009618095,ANTA01H3,20229,68
1009618095,BIOA11H3,20229,71
1009618095,FSTA01H3,20229,76
1009618095,PHLB81H3,20229,63
1009618095,PSYA01H3,20229,80
1009418257,BIOA01H3,20229,66
1009418257,CHMA10H3,20229,69
1009418257,MATA29H3,20229,62
1009418257,PSYA01H3,20229,70
1009008949,BIOA11H3,20229,80
1009008949,LINA01H3,20229,79
1009008949,PSYA01H3,20229,76
1009008949,WSTA01H3,20229,75
1007043637,EESA07H3,20229,74
1007043637,LINC13H3,20229,73
1007043637,PLIC24H3,20229,50
1007043637,PSYA01H3,20229,58
1009546494,ENGB70H3,20229,88
1009546494,PHLA11H3,20229,73
1009546494,PHLB81H3,20229,70
1009546494,PSYA01H3,20229,64
1009359089,EESA07H3,20229,80
1009359089,MATA30H3,20229,82
1009359089,MGEA02H3,20229,71
1009359089,PSYA01H3,20229,62
1006740270,BIOC15H3,20229,67
1006740270,BIOC32H3,20229,80
1006740270,COPB52H3,20229,CR
1006740270,CSCA20H3,20229,92
1006740270,PSYA01H3,20229,79
1007218422,BIOB50H3,20229,70
1007218422,BIOC12H3,20229,61
1007218422,BIOC19H3,20229,65
1007218422,BIOC20H3,20229,54
1009296450,ANTA02H3,20229,68
1009296450,BIOA01H3,20229,57
1009296450,CHMA10H3,20229,63
1009296450,PSYA01H3,20229,57
1008967959,CSCA08H3,20229,61
1008967959,CSCA67H3,20229,71
1008967959,MGEA01H3,20229,70
1008967959,PSYA01H3,20229,60
1009319881,COPB50H3,20229,CR
1009319881,CSCA67H3,20229,82
1009319881,LINA01H3,20229,68
1009319881,MATA31H3,20229,82
1009319881,PSYA01H3,20229,75
1007000941,ENGB27H3,20229,80
1007000941,ENGB70H3,20229,96
1007000941,PSYA01H3,20229,76
1006509761,MGTA01H3,20229,86
1006509761,NROC64H3,20229,61
1006509761,PSYD66H3,20229,70
1007625367,MATB24H3,20229,73
1007625367,MATB44H3,20229,84
1007625367,PSYA01H3,20229,63
1007625367,STAB52H3,20229,71
1008361014,HLTA02H3,20229,77
1008361014,HLTB50H3,20229,86
1008361014,PHLB09H3,20229,73
1008361014,PSYA01H3,20229,67
1009121549,ANTA01H3,20229,90
1009121549,LINA01H3,20229,92
1009121549,PHLB35H3,20229,83
1009121549,PSYA01H3,20229,91
1009466196,PHLA11H3,20229,64
1009466196,PSYA01H3,20229,52
1008829984,BIOA11H3,20229,81
1008829984,MDSA01H3,20229,78
1008829984,PSYA01H3,20229,77
1008829984,WSTA01H3,20229,88
1008837029,BIOA01H3,20229,73
1008837029,CHMA10H3,20229,76
1008837029,MDSA01H3,20229,77
1008837029,PSYA01H3,20229,73
1008968663,BIOA01H3,20229,81
1008968663,CHMA10H3,20229,70
1008968663,MATA29H3,20229,85
1008968663,MGTA01H3,20229,74
1008968663,PSYA01H3,20229,79